Country Name,Country Code,Indicator Name,Indicator Code,2010,2011,2012,2013,2014,2015,2016,2017,2018,2019,2020,2021
Aruba,ABW,Exportaciones de bienes y servicios (% del PIB),NE.EXP.GNFS.ZS,60.22313297,69.73739941,73.1040376,76.55130043,78.26261009,72.85067873,71.82175623,72.5564589,73.79623168,74.58227848,56.54508839,
,AFE,Exportaciones de bienes y servicios (% del PIB),NE.EXP.GNFS.ZS,29.61780894,31.29559524,29.68944385,28.93223099,27.51750673,22.88942511,21.8672466,21.31640329,25.10505291,23.62447576,22.31826218,25.34976357
Afganistán,AFG,Exportaciones de bienes y servicios (% del PIB),NE.EXP.GNFS.ZS,,,,,,,,,,,,
,AFW,Exportaciones de bienes y servicios (% del PIB),NE.EXP.GNFS.ZS,29.49430557,34.24996608,34.03438073,23.66689473,23.44138073,17.45925552,16.87936768,20.8168306,22.51201354,21.60034164,,
Angola,AGO,Exportaciones de bienes y servicios (% del PIB),NE.EXP.GNFS.ZS,61.54311589,60.66994752,55.94013063,50.74708579,44.69502946,29.75459795,28.12448545,29.004102,40.83628983,40.79075505,37.91127298,37.87234693
Albania,ALB,Exportaciones de bienes y servicios (% del PIB),NE.EXP.GNFS.ZS,27.97943524,29.24153714,28.93748776,28.91631514,28.21300146,27.26739115,28.97789918,31.56980805,31.57192721,31.30427013,22.70398154,30.6161824
Andorra,AND,Exportaciones de bienes y servicios (% del PIB),NE.EXP.GNFS.ZS,,,,,,,,,,,,
El mundo árabe,ARB,Exportaciones de bienes y servicios (% del PIB),NE.EXP.GNFS.ZS,47.94828801,53.49423062,55.00907464,53.26931757,49.37063928,41.34018699,38.15924122,42.19143159,46.2702677,44.45765136,37.54115834,
Emiratos Árabes Unidos,ARE,Exportaciones de bienes y servicios (% del PIB),NE.EXP.GNFS.ZS,82.24238564,90.07656424,100.2464817,100.5477955,99.56080373,100.8705122,101.0029881,99.59493841,93.0481228,96.84353346,93.41508906,
Argentina,ARG,Exportaciones de bienes y servicios (% del PIB),NE.EXP.GNFS.ZS,18.93382341,18.44920915,16.23785946,14.61717339,14.40547859,10.70565205,12.52709517,11.32028336,14.43668575,17.69594407,16.59181663,18.30089859
Armenia,ARM,Exportaciones de bienes y servicios (% del PIB),NE.EXP.GNFS.ZS,19.74841532,22.52318826,27.56181148,28.35348514,28.56038166,29.72539121,33.74427986,38.21604566,39.39289403,41.35080136,29.76367804,35.03118197
Samoa Americana,ASM,Exportaciones de bienes y servicios (% del PIB),NE.EXP.GNFS.ZS,63.52530541,58.77192982,75.46875,71.78683386,66.718507,63.59583952,63.93442623,59.1503268,68.23161189,61.57407407,60.08462623,
Antigua y Barbuda,ATG,Exportaciones de bienes y servicios (% del PIB),NE.EXP.GNFS.ZS,79.58755308,82.4971839,79.01575994,80.59161544,82.20123997,76.03620877,72.61045999,67.74130197,64.52485557,70.88471449,43.70441866,
Australia,AUS,Exportaciones de bienes y servicios (% del PIB),NE.EXP.GNFS.ZS,19.81689486,21.44505458,21.50467661,19.9862801,21.09695456,20.0692826,19.26986314,21.2253185,21.86971295,24.16972729,23.98385353,22.18218586
Austria,AUT,Exportaciones de bienes y servicios (% del PIB),NE.EXP.GNFS.ZS,51.26216033,53.94867085,53.9736762,53.4412933,53.38657905,53.08906056,52.40639365,54.05115314,55.44065438,55.44220654,51.4350079,55.94888054
Azerbaiyán,AZE,Exportaciones de bienes y servicios (% del PIB),NE.EXP.GNFS.ZS,54.30472154,56.42698053,52.97468019,48.41583308,43.27355666,37.79477749,46.42764939,48.54786473,54.09229386,49.0506275,35.62355587,46.66172003
Burundi,BDI,Exportaciones de bienes y servicios (% del PIB),NE.EXP.GNFS.ZS,9.700001639,8.800000284,9.69609532,9.095256069,8.696021194,6.417273565,6.38452219,6.026574329,5.685654314,5.172036838,4.549322696,5.000293841
Bélgica,BEL,Exportaciones de bienes y servicios (% del PIB),NE.EXP.GNFS.ZS,75.85006448,80.69736291,80.40449051,79.3243484,79.80100907,77.80528215,79.42961547,83.18241025,83.02462313,82.17413933,80.04203783,85.35091687
Benin,BEN,Exportaciones de bienes y servicios (% del PIB),NE.EXP.GNFS.ZS,23.07204807,20.8496515,23.89673687,27.57056532,31.43084112,24.72045121,27.60678807,27.20559478,27.27423062,29.63052719,19.87247043,
Burkina Faso,BFA,Exportaciones de bienes y servicios (% del PIB),NE.EXP.GNFS.ZS,20.51584886,26.19550052,26.59808542,27.07698545,26.93200415,26.10764554,25.9159648,26.45238564,28.07890614,27.61611212,,
Bangladesh,BGD,Exportaciones de bienes y servicios (% del PIB),NE.EXP.GNFS.ZS,16.02411269,19.92207496,20.16158886,19.53787411,18.98966,17.33667379,13.92120448,12.81974689,12.67478794,13.09475734,10.44278773,10.6627789
Bulgaria,BGR,Exportaciones de bienes y servicios (% del PIB),NE.EXP.GNFS.ZS,50.10763622,58.80294825,60.35373924,64.58169578,64.60088717,63.8000874,63.87048055,66.99459564,65.69596643,63.93434335,55.3232894,63.03359219
Bahrein,BHR,Exportaciones de bienes y servicios (% del PIB),NE.EXP.GNFS.ZS,69.53731774,99.41866913,102.1455248,104.8048033,96.05075125,83.10720991,74.20082753,75.77968142,79.25252192,76.48596076,72.71532474,
Bahamas,BHS,Exportaciones de bienes y servicios (% del PIB),NE.EXP.GNFS.ZS,34.95328732,37.43526853,38.12695303,39.78869239,37.70993459,37.00418989,33.26263668,32.06933385,35.85584597,35.6884058,25.28790144,27.49495923
Bosnia y Herzegovina,BIH,Exportaciones de bienes y servicios (% del PIB),NE.EXP.GNFS.ZS,29.69554219,32.03597181,32.35054144,33.74304682,33.98912011,35.53234321,36.34176466,40.87253146,42.60934992,40.57012012,34.52456329,44.94956958
Belarús,BLR,Exportaciones de bienes y servicios (% del PIB),NE.EXP.GNFS.ZS,51.37288535,78.46536152,78.77690728,58.33357811,54.94100406,58.01076657,62.50934712,66.7896002,70.45504526,65.09458399,61.01214926,72.11079219
Belice,BLZ,Exportaciones de bienes y servicios (% del PIB),NE.EXP.GNFS.ZS,58.59825924,62.36271173,64.09708238,65.25924104,61.81077284,58.45805387,51.9636576,54.72905508,57.20635217,59.65042331,43.55992712,51.48742897
Bermudas,BMU,Exportaciones de bienes y servicios (% del PIB),NE.EXP.GNFS.ZS,50.79499274,52.53924198,50.51254369,51.61319109,51.16124321,49.97083946,49.33005658,48.53814925,51.25812053,50.64927227,49.58621914,49.17030321
Bolivia,BOL,Exportaciones de bienes y servicios (% del PIB),NE.EXP.GNFS.ZS,41.18745614,44.09170185,47.16619662,44.09247953,43.29308799,30.86829603,24.48800554,24.90414437,25.98879506,24.96726228,20.27258979,27.82390202
Brasil,BRA,Exportaciones de bienes y servicios (% del PIB),NE.EXP.GNFS.ZS,10.86558477,11.58251268,11.87753907,11.74223064,11.01194282,12.90019142,12.46667904,12.51896787,14.63499949,14.12291919,16.79506843,20.09727521
Barbados,BRB,Exportaciones de bienes y servicios (% del PIB),NE.EXP.GNFS.ZS,38.9255609,37.93181622,39.28768513,40.92577252,40.01516634,40.05118969,36.53550608,35.75309352,35.52436697,36.6201692,29.62840954,
Brunei Darussalam,BRN,Exportaciones de bienes y servicios (% del PIB),NE.EXP.GNFS.ZS,67.40746923,69.50607218,70.16126866,68.04187464,68.17708045,52.21059737,49.57690627,49.5732417,51.93227638,57.94604054,57.35611139,80.16891086
Bhután,BTN,Exportaciones de bienes y servicios (% del PIB),NE.EXP.GNFS.ZS,43.48069242,42.20491528,39.64735231,41.43022537,37.45195066,34.4356494,29.61697448,30.08318938,30.81770601,33.93906381,29.78885292,
Botswana,BWA,Exportaciones de bienes y servicios (% del PIB),NE.EXP.GNFS.ZS,43.63546396,49.95053461,49.2507438,61.52263966,60.56029912,52.90317233,54.61135081,42.96473613,44.53578693,37.15431087,31.35372093,
República Centroafricana,CAF,Exportaciones de bienes y servicios (% del PIB),NE.EXP.GNFS.ZS,11.62580107,13.1278201,11.550133,14.97295479,16.67578759,17.06766062,14.82187966,17.25977376,15.94003,15.75538,15.17248,14.18648
Canadá,CAN,Exportaciones de bienes y servicios (% del PIB),NE.EXP.GNFS.ZS,29.16738193,30.67839192,30.35302552,30.33193867,31.73657587,31.84996096,31.50257241,31.45441015,32.28018242,31.90853262,29.36344802,30.6905379
Europa Central y del Báltico,CEB,Exportaciones de bienes y servicios (% del PIB),NE.EXP.GNFS.ZS,52.22448595,56.82464879,59.04063159,60.23030986,61.53988504,62.01273444,63.00205393,64.38023996,64.29740702,63.09791081,60.66327862,65.21518009
Suiza,CHE,Exportaciones de bienes y servicios (% del PIB),NE.EXP.GNFS.ZS,64.39853517,65.8992879,67.406452,71.38153933,63.80969914,62.39676988,65.67369307,65.07978297,66.15565527,65.53170428,62.34201861,69.94471664
Islas del Canal,CHI,Exportaciones de bienes y servicios (% del PIB),NE.EXP.GNFS.ZS,,,,,,,,,,,,
Chile,CHL,Exportaciones de bienes y servicios (% del PIB),NE.EXP.GNFS.ZS,37.90399432,37.68978027,33.8455905,32.08746359,33.00390297,29.19107949,27.92315811,28.33137683,28.52904474,27.83413159,31.53353445,31.89080305
China,CHN,Exportaciones de bienes y servicios (% del PIB),NE.EXP.GNFS.ZS,27.18533272,26.56818935,25.49252222,24.59925444,23.51006091,21.35407988,19.58438005,19.69227699,19.11210354,18.40999232,18.54106001,20.00981407
Côte d'Ivoire,CIV,Exportaciones de bienes y servicios (% del PIB),NE.EXP.GNFS.ZS,33.49957459,35.28137635,34.9824904,29.16040266,28.15695877,27.35560794,24.59506751,24.92012188,22.64068269,23.77627756,21.55155517,26.00982166
Camerún,CMR,Exportaciones de bienes y servicios (% del PIB),NE.EXP.GNFS.ZS,22.3688903,24.22968662,23.87672384,23.63910867,23.60997553,20.98914963,18.94997876,18.35109858,18.73625347,19.85009075,15.03506913,17.76674028
"Congo, República Democrática del",COD,Exportaciones de bienes y servicios (% del PIB),NE.EXP.GNFS.ZS,41.11115415,39.51561667,30.80300902,36.44586131,36.83218885,27.58332432,32.78786028,30.69015456,33.80735018,25.7562387,28.60458745,40.12576343
"Congo, República del",COG,Exportaciones de bienes y servicios (% del PIB),NE.EXP.GNFS.ZS,68.52809153,73.61173274,58.08202782,52.93434058,53.15266193,42.728167,44.99946349,58.06454759,71.02956895,73.79228775,,
Colombia,COL,Exportaciones de bienes y servicios (% del PIB),NE.EXP.GNFS.ZS,16.34084476,19.27650507,18.81120528,18.08643972,16.63474911,15.65021151,14.71713928,15.14528975,15.89971968,15.86803865,13.49088182,16.31146477
Comoras,COM,Exportaciones de bienes y servicios (% del PIB),NE.EXP.GNFS.ZS,9.638904635,9.956415447,8.945869239,9.048387214,9.676472177,10.13619831,10.67289558,11.90131645,12.90902299,12.77346063,5.627251498,6.609135851
Cabo Verde,CPV,Exportaciones de bienes y servicios (% del PIB),NE.EXP.GNFS.ZS,32.67031806,35.51923974,40.43180426,40.49244284,40.36113969,44.90744231,44.229689,45.92281296,48.95264437,50.64929202,24.85098202,24.61632547
Costa Rica,CRI,Exportaciones de bienes y servicios (% del PIB),NE.EXP.GNFS.ZS,32.82941135,32.47247088,31.65131734,30.59164936,31.36291528,29.99565786,31.2600963,32.76268315,33.73851078,34.32532156,31.53539441,36.13156078
Estados pequeos del Caribe,CSS,Exportaciones de bienes y servicios (% del PIB),NE.EXP.GNFS.ZS,,,,,,,,,,,,
Cuba,CUB,Exportaciones de bienes y servicios (% del PIB),NE.EXP.GNFS.ZS,22.57026489,25.10363821,25.5109993,24.10043034,22.08391192,17.14734945,14.98303601,14.55121785,14.52273863,12.21332715,8.168455175,
Curacao,CUW,Exportaciones de bienes y servicios (% del PIB),NE.EXP.GNFS.ZS,55.53953322,73.576748,78.3520198,71.40494349,74.84743526,64.76636372,59.3988585,,,,,
Islas Caimán,CYM,Exportaciones de bienes y servicios (% del PIB),NE.EXP.GNFS.ZS,,,,,,,,74.02181724,71.58784905,69.45374344,60.12874668,
Chipre,CYP,Exportaciones de bienes y servicios (% del PIB),NE.EXP.GNFS.ZS,50.37974806,53.49515905,55.31225938,61.36031258,66.02714685,70.1016984,70.53893585,73.93973958,75.07380186,75.59384876,75.78051183,81.00455269
República Checa,CZE,Exportaciones de bienes y servicios (% del PIB),NE.EXP.GNFS.ZS,65.54300541,70.82186719,75.64618657,76.05838162,81.95427457,80.55877811,79.10707663,79.0271395,76.95916475,73.89445332,70.99199615,72.57902452
Alemania,DEU,Exportaciones de bienes y servicios (% del PIB),NE.EXP.GNFS.ZS,42.56547341,45.05713628,46.30712014,45.41867786,45.61926331,46.92073836,46.07326285,47.16304068,47.30104577,46.62423885,43.41689532,47.45906873
Djibouti,DJI,Exportaciones de bienes y servicios (% del PIB),NE.EXP.GNFS.ZS,,,,156.5383009,158.3743113,145.4213075,103.7640251,150.0983615,156.619875,166.7177464,115.7748182,
Dominica,DMA,Exportaciones de bienes y servicios (% del PIB),NE.EXP.GNFS.ZS,35.56808892,37.57771092,32.58522013,38.82562807,52.43706214,47.32429674,44.63112699,40.87587612,29.19325981,,,
Dinamarca,DNK,Exportaciones de bienes y servicios (% del PIB),NE.EXP.GNFS.ZS,50.52292764,53.82014893,54.63049402,54.82881899,54.61313944,55.4181744,53.42598052,55.07737678,56.55980449,58.99933497,54.88154109,59.56609883
República Dominicana,DOM,Exportaciones de bienes y servicios (% del PIB),NE.EXP.GNFS.ZS,22.67575221,24.18697531,24.58317787,25.16715873,25.15139056,23.7615823,23.90937952,23.68214534,23.55143131,23.06928204,18.29569716,21.75270208
Argelia,DZA,Exportaciones de bienes y servicios (% del PIB),NE.EXP.GNFS.ZS,38.44454735,38.78811864,36.89054781,33.20989789,30.48765721,23.17177801,20.87248521,22.63223229,25.86115082,22.71346191,18.00117495,25.02665839
Asia oriental y el Pacífico (excluido altos ingresos),EAP,Exportaciones de bienes y servicios (% del PIB),NE.EXP.GNFS.ZS,31.89349986,31.32369777,29.76048716,28.6243768,27.50815538,25.01811384,23.21833571,23.50789261,22.97218082,21.94996826,21.32480927,23.05906246
inicial del dividendo demográfico,EAR,Exportaciones de bienes y servicios (% del PIB),NE.EXP.GNFS.ZS,27.63098484,29.0801072,28.63273588,28.14957965,26.48025603,23.58215221,22.70390799,23.6682495,25.90529841,24.96822683,22.76154275,25.6887107
Asia oriental y el Pacífico,EAS,Exportaciones de bienes y servicios (% del PIB),NE.EXP.GNFS.ZS,32.53638839,33.00838898,32.15714541,32.65273624,32.48882433,30.28124768,28.12336548,29.071069,28.95310385,27.674142,26.31048678,29.04124668
Europa y Asia central (excluido altos ingresos),ECA,Exportaciones de bienes y servicios (% del PIB),NE.EXP.GNFS.ZS,30.02807232,31.07622821,30.40818537,28.848378,29.86926147,29.56389933,27.89995503,29.58808017,34.14374945,32.92826757,29.36023234,35.15428124
Europa y Asia central,ECS,Exportaciones de bienes y servicios (% del PIB),NE.EXP.GNFS.ZS,38.03369326,40.42842953,40.99316645,40.85859308,41.15278621,41.95789134,41.98298326,43.54998705,44.98310748,44.85376754,42.20630665,45.79239605
Ecuador,ECU,Exportaciones de bienes y servicios (% del PIB),NE.EXP.GNFS.ZS,27.89495597,31.1211998,30.16480927,28.6382883,28.05185415,21.25822138,19.50479127,20.83281789,22.60468399,23.0483673,21.8579266,26.18836454
"Egipto, República Árabe de",EGY,Exportaciones de bienes y servicios (% del PIB),NE.EXP.GNFS.ZS,21.34924581,20.56742761,16.39696662,17.01784562,14.24413146,13.18384549,10.34546394,15.8184438,18.91197548,17.50061066,13.10674637,11.09761867
Zona del Euro,EMU,Exportaciones de bienes y servicios (% del PIB),NE.EXP.GNFS.ZS,39.15241461,42.02109456,43.69069012,43.87141403,44.50140847,46.00615134,45.52029344,47.20290741,48.03404645,48.11405967,45.39293116,49.53096774
Eritrea,ERI,Exportaciones de bienes y servicios (% del PIB),NE.EXP.GNFS.ZS,6.378376598,18.15483726,,,,,,,,,,
España,ESP,Exportaciones de bienes y servicios (% del PIB),NE.EXP.GNFS.ZS,25.95167935,29.5349622,31.45527248,32.96257747,33.48256759,33.62651843,33.8800905,35.14946203,35.16258761,34.95465595,30.62093787,34.92033197
Estonia,EST,Exportaciones de bienes y servicios (% del PIB),NE.EXP.GNFS.ZS,75.04931619,86.60379142,86.20779227,84.5681702,81.86543288,77.43549844,77.00753774,75.8098541,74.469197,74.04658613,71.17581864,80.52432984
Etiopía,ETH,Exportaciones de bienes y servicios (% del PIB),NE.EXP.GNFS.ZS,,16.6868532,13.7672982,12.48407356,11.64161991,9.363313597,7.812080503,7.629368622,8.372675866,7.939976609,7.127200943,7.592838243
Unión Europea,EUU,Exportaciones de bienes y servicios (% del PIB),NE.EXP.GNFS.ZS,40.32278249,43.21474273,44.80385829,44.9643061,45.69023036,47.10974362,46.69034391,48.36031039,49.20306,49.34439975,46.65899551,50.7392085
Frágiles y situaciones de conflicto afectados,FCS,Exportaciones de bienes y servicios (% del PIB),NE.EXP.GNFS.ZS,31.93719052,32.27806655,31.93703236,26.43337229,22.55573749,17.72282823,16.22930622,19.42710604,25.25973556,23.66290594,19.22596262,
Finlandia,FIN,Exportaciones de bienes y servicios (% del PIB),NE.EXP.GNFS.ZS,38.41439756,38.90039293,38.80827907,38.01762912,36.48143762,35.40695887,34.81045247,37.54954684,38.46779858,39.88167703,35.75873443,38.932686
Fiji,FJI,Exportaciones de bienes y servicios (% del PIB),NE.EXP.GNFS.ZS,57.43440206,59.28032113,61.11255026,56.87384694,52.33427559,48.83675558,46.64667493,45.98430327,47.91308923,48.13164171,26.95799865,25.1103204
Francia,FRA,Exportaciones de bienes y servicios (% del PIB),NE.EXP.GNFS.ZS,26.78829984,28.42133748,29.20302719,29.36473787,29.6666845,30.59262238,30.24753718,30.94863319,31.71366721,31.59205541,27.87364408,29.94750396
Islas Feroe,FRO,Exportaciones de bienes y servicios (% del PIB),NE.EXP.GNFS.ZS,46.91622704,52.57281698,52.8383374,55.70844279,53.6511368,53.4675122,54.70010328,56.55794552,52.9597777,55.72950113,47.88200946,
Micronesia (Estados Federados de),FSM,Exportaciones de bienes y servicios (% del PIB),NE.EXP.GNFS.ZS,23.69035115,24.71426424,29.88778871,30.39742206,31.82842674,27.06500271,27.65420513,29.96096183,35.47473045,31.44399352,24.02360087,24.19725664
Gabón,GAB,Exportaciones de bienes y servicios (% del PIB),NE.EXP.GNFS.ZS,57.66349238,61.74437213,60.95034144,57.35740588,44.52089239,46.0320085,44.03534729,50.22675397,54.29907649,51.43107323,47.73011656,53.20207953
Reino Unido,GBR,Exportaciones de bienes y servicios (% del PIB),NE.EXP.GNFS.ZS,28.18995221,30.71382065,29.93688112,29.77389015,28.10983273,27.18477355,28.22078132,30.04568596,30.50639723,31.00497809,28.36227627,26.99004857
Georgia,GEO,Exportaciones de bienes y servicios (% del PIB),NE.EXP.GNFS.ZS,32.95450379,34.68779804,36.51629063,41.7219539,39.93445573,40.86223663,40.79975444,46.52761423,50.55852769,54.81849314,37.29149486,43.08364126
Ghana,GHA,Exportaciones de bienes y servicios (% del PIB),NE.EXP.GNFS.ZS,29.47671798,36.93660855,40.35921817,25.4407834,28.23190177,33.83170499,31.19323949,33.87687443,33.45489588,37.44959942,20.7210461,29.90761972
Gibraltar,GIB,Exportaciones de bienes y servicios (% del PIB),NE.EXP.GNFS.ZS,,,,,,,,,,,,
Guinea,GIN,Exportaciones de bienes y servicios (% del PIB),NE.EXP.GNFS.ZS,30.34120398,32.60224123,33.1373916,26.47062065,26.68851014,21.49687039,29.37151131,44.66029845,40.20709553,30.11903041,58.80905909,53.35217673
Gambia,GMB,Exportaciones de bienes y servicios (% del PIB),NE.EXP.GNFS.ZS,14.66781488,16.85940447,19.84168223,18.97916437,21.83689544,19.59633316,15.91151182,16.78945539,21.7264295,18.84139797,8.16381523,9.618674915
Guinea-Bissau,GNB,Exportaciones de bienes y servicios (% del PIB),NE.EXP.GNFS.ZS,14.90607945,25.6740075,15.47521335,18.2571916,20.20740014,27.54304392,26.5081143,27.77397262,25.27609497,20.28794966,14.38704388,
Guinea Ecuatorial,GNQ,Exportaciones de bienes y servicios (% del PIB),NE.EXP.GNFS.ZS,85.7584332,75.09531266,71.90499182,67.65331666,65.9632886,56.65847382,51.41282994,58.86310521,59.61453443,51.13074817,43.48673495,55.47324993
Grecia,GRC,Exportaciones de bienes y servicios (% del PIB),NE.EXP.GNFS.ZS,21.79810215,25.48977484,28.74257947,30.20720698,32.48559818,32.12716124,31.28745626,35.03409423,38.9929061,40.13215611,31.98400157,40.62959397
Granada,GRD,Exportaciones de bienes y servicios (% del PIB),NE.EXP.GNFS.ZS,,,,,,,,,,,,
Groenlandia,GRL,Exportaciones de bienes y servicios (% del PIB),NE.EXP.GNFS.ZS,34.05597386,37.99793229,37.51199021,37.70085215,38.47282302,37.57984513,40.76504771,40.69223375,44.4545789,41.08380403,36.36277803,
Guatemala,GTM,Exportaciones de bienes y servicios (% del PIB),NE.EXP.GNFS.ZS,26.22546433,27.06770578,25.26709264,21.9981554,21.74436292,19.82990769,18.75308929,18.4950463,18.19896999,17.64912376,16.89532137,18.49149372
Guam,GUM,Exportaciones de bienes y servicios (% del PIB),NE.EXP.GNFS.ZS,17.0943625,18.61958266,19.06932574,19.50361178,18.84135472,18.07208139,18.96288765,18.97555297,19.22442244,22.04588309,6.348391513,
Guyana,GUY,Exportaciones de bienes y servicios (% del PIB),NE.EXP.GNFS.ZS,,,,,,,,,,,,
Ingreso alto,HIC,Exportaciones de bienes y servicios (% del PIB),NE.EXP.GNFS.ZS,29.43365045,31.9556532,32.03935406,32.56495319,32.60780662,30.95174561,30.05829543,31.34549265,32.10770575,31.22885489,28.89202967,31.88034361
"Hong Kong, Región Administrativa Especial",HKG,Exportaciones de bienes y servicios (% del PIB),NE.EXP.GNFS.ZS,205.3225974,212.8524165,215.8495655,221.6100603,213.0904135,195.8976016,187.0051289,188.9023996,188.339507,177.6562011,176.3264051,203.9208211
Honduras,HND,Exportaciones de bienes y servicios (% del PIB),NE.EXP.GNFS.ZS,45.7589062,51.25768668,50.90279882,47.94149032,47.56265473,45.16675746,42.71410478,43.09385484,41.45481656,39.91851267,35.09458908,38.46333505
Países pobres muy endeudados (PPME),HPC,Exportaciones de bienes y servicios (% del PIB),NE.EXP.GNFS.ZS,26.04500142,27.66768815,27.32126217,25.38058684,23.87567253,20.89266652,19.66107955,20.06746072,23.60880028,22.9759781,20.05539569,23.65934966
Croacia,HRV,Exportaciones de bienes y servicios (% del PIB),NE.EXP.GNFS.ZS,35.80500914,38.36734497,39.05354757,39.85586939,42.7803042,45.78909002,46.99764081,49.25343207,49.51035578,50.74747375,42.02489362,51.40076121
Haití,HTI,Exportaciones de bienes y servicios (% del PIB),NE.EXP.GNFS.ZS,8.570288158,10.17476378,9.655093657,10.51440245,10.97884688,11.78302463,11.53404983,11.06965151,10.81618973,11.71411884,7.651006854,7.114723776
Hungría,HUN,Exportaciones de bienes y servicios (% del PIB),NE.EXP.GNFS.ZS,81.07308759,86.04272282,85.85068205,85.38044192,87.09558955,87.50117547,86.3870823,85.90512797,83.74426363,81.77593345,79.00874181,81.33285561
Sólo BIRF,IBD,Exportaciones de bienes y servicios (% del PIB),NE.EXP.GNFS.ZS,28.37708838,28.88021393,28.2542329,27.46951713,26.54006809,24.88161304,23.69212188,24.2043019,25.24276478,24.28042755,23.31429483,25.69542505
BIRF y la AIF,IBT,Exportaciones de bienes y servicios (% del PIB),NE.EXP.GNFS.ZS,28.15533691,28.70125168,28.03307436,27.02468769,26.11597708,24.2878419,23.08663526,23.68108555,24.80420677,23.89749763,22.85201828,25.24564285
total de la AIF,IDA,Exportaciones de bienes y servicios (% del PIB),NE.EXP.GNFS.ZS,25.78203273,26.36226562,25.03727527,20.95397086,20.54939243,16.83897563,15.59673932,16.84105927,18.83299783,18.832996,16.83166077,18.51340372
mezcla de la AIF,IDB,Exportaciones de bienes y servicios (% del PIB),NE.EXP.GNFS.ZS,24.30092234,27.83626156,26.57000761,19.07431377,18.65964972,13.07313914,11.49519981,13.62933106,15.47771118,15.62807309,,
Indonesia,IDN,Exportaciones de bienes y servicios (% del PIB),NE.EXP.GNFS.ZS,24.29903094,26.32735309,24.59437879,23.92357638,23.6659846,21.16017926,19.08899385,20.17730444,21.0027465,18.5915278,17.27142134,21.56081101
Sólo AIF,IDX,Exportaciones de bienes y servicios (% del PIB),NE.EXP.GNFS.ZS,26.99458625,25.17161299,23.68362954,22.94438415,22.55686929,20.44448288,19.0653566,19.23720162,21.48253554,21.3004695,18.51383237,20.32971789
Isla de Man,IMN,Exportaciones de bienes y servicios (% del PIB),NE.EXP.GNFS.ZS,,,,,,,,,,,,
India,IND,Exportaciones de bienes y servicios (% del PIB),NE.EXP.GNFS.ZS,22.40093325,24.54041132,24.53443066,25.4308613,22.96796301,19.81318916,19.15823491,18.79176484,19.9278286,18.69098271,18.70889869,20.81363496
No clasificado,INX,Exportaciones de bienes y servicios (% del PIB),NE.EXP.GNFS.ZS,,,,,,,,,,,,
Irlanda,IRL,Exportaciones de bienes y servicios (% del PIB),NE.EXP.GNFS.ZS,103.2465663,103.273302,104.2731758,103.8086226,109.9602759,121.9805271,121.5425106,121.12641,122.9903788,127.9279302,131.11256,134.8415721
"Irán, República Islámica del",IRN,Exportaciones de bienes y servicios (% del PIB),NE.EXP.GNFS.ZS,24.39965328,24.93331313,22.4753002,25.18290674,22.83067239,18.72083451,21.161708,22.73568826,30.21775173,22.70973758,20.75043247,
Iraq,IRQ,Exportaciones de bienes y servicios (% del PIB),NE.EXP.GNFS.ZS,39.41682921,44.41752304,44.50843536,39.66353654,38.94172645,34.51414644,28.10852368,33.91606341,40.80264203,38.0518682,27.2218073,
Islandia,ISL,Exportaciones de bienes y servicios (% del PIB),NE.EXP.GNFS.ZS,51.74623384,54.54553626,54.92605472,53.24775151,51.51909795,51.65172145,47.48403629,45.73224001,46.62908815,44.30256905,34.21347551,38.12821082
Israel,ISR,Exportaciones de bienes y servicios (% del PIB),NE.EXP.GNFS.ZS,34.66642542,35.27229156,35.88930402,33.61617422,32.18138234,31.48237328,30.18548588,29.44582358,29.99804866,29.51343847,28.03163478,29.70439151
Italia,ITA,Exportaciones de bienes y servicios (% del PIB),NE.EXP.GNFS.ZS,25.07404985,26.87246347,28.37924284,28.63324308,29.10882819,29.71598237,29.32789075,30.73373332,31.3535542,31.6026783,29.53251094,32.73850305
Jamaica,JAM,Exportaciones de bienes y servicios (% del PIB),NE.EXP.GNFS.ZS,31.33526663,30.3686139,30.18371146,30.57588318,31.2546047,29.92166548,31.81343755,34.65706257,38.56384829,38.03608075,24.08513876,27.85563788
Jordania,JOR,Exportaciones de bienes y servicios (% del PIB),NE.EXP.GNFS.ZS,46.99714264,46.55057763,45.22598541,41.29560357,42.13390771,36.54443702,34.39521007,34.53392829,35.15474808,36.33503059,23.90143171,30.61918252
Japón,JPN,Exportaciones de bienes y servicios (% del PIB),NE.EXP.GNFS.ZS,14.91850345,14.77446226,14.41477461,15.78415673,17.41865535,17.43675984,16.05796924,17.5914391,18.32601765,17.44537783,15.55855428,
Kazajstán,KAZ,Exportaciones de bienes y servicios (% del PIB),NE.EXP.GNFS.ZS,44.2441795,46.46466279,44.10966304,38.61703772,39.34175809,28.51670801,31.84388864,32.39775294,37.62521843,36.4389871,30.22598786,
Kenya,KEN,Exportaciones de bienes y servicios (% del PIB),NE.EXP.GNFS.ZS,20.12435965,21.54947707,19.86494772,17.79218055,16.47280447,15.1287339,13.2497448,12.73665994,12.54197533,11.42799666,9.639532685,10.56913508
Kirguistán,KGZ,Exportaciones de bienes y servicios (% del PIB),NE.EXP.GNFS.ZS,51.55432268,54.53847717,44.40420097,42.25015396,37.44865159,35.18960049,35.82540888,34.25284136,31.60173001,35.2341542,31.30703634,39.31465525
Camboya,KHM,Exportaciones de bienes y servicios (% del PIB),NE.EXP.GNFS.ZS,54.08278279,54.08075591,57.88976453,62.3879358,62.60347417,61.71842376,61.28152493,60.68195781,61.59572751,61.09129652,61.04181636,64.60246307
Kiribati,KIR,Exportaciones de bienes y servicios (% del PIB),NE.EXP.GNFS.ZS,12.32252999,14.28273733,13.93542426,11.98644114,13.54953346,15.70049702,19.21989362,15.64061526,9.655224932,,,
Saint Kitts y Nevis,KNA,Exportaciones de bienes y servicios (% del PIB),NE.EXP.GNFS.ZS,,,,,,,,,,,,
"Corea, República de",KOR,Exportaciones de bienes y servicios (% del PIB),NE.EXP.GNFS.ZS,47.10373691,53.3377319,54.09405134,51.29207111,47.83142087,42.98956153,40.13265091,40.93420694,41.71329084,39.27586107,36.44585911,41.72279851
Kuwait,KWT,Exportaciones de bienes y servicios (% del PIB),NE.EXP.GNFS.ZS,66.67331737,73.19837828,74.7316937,70.86153454,68.50614347,53.76624808,47.63172463,51.19631559,57.49549486,53.29343279,,
América Latina y el Caribe (excluido altos ingresos),LAC,Exportaciones de bienes y servicios (% del PIB),NE.EXP.GNFS.ZS,18.50092353,19.35416447,19.74373732,19.27047546,18.99518073,20.10035394,20.45242877,20.33980815,22.73289823,22.98061342,23.65970596,26.34029032
República Democrática Popular Lao,LAO,Exportaciones de bienes y servicios (% del PIB),NE.EXP.GNFS.ZS,35.38402604,40.3431561,37.87672835,38.1731034,40.75454665,33.95225731,33.20942746,,,,,
Líbano,LBN,Exportaciones de bienes y servicios (% del PIB),NE.EXP.GNFS.ZS,35.02312287,36.36309723,28.80921288,26.64675475,23.7561645,23.13966773,21.72615589,21.92693319,20.75452116,20.69775896,28.09948911,
Liberia,LBR,Exportaciones de bienes y servicios (% del PIB),NE.EXP.GNFS.ZS,,,,,,,,,,,,
Libia,LBY,Exportaciones de bienes y servicios (% del PIB),NE.EXP.GNFS.ZS,66.27200717,38.1458964,66.86785685,59.88860758,32.238321,22.22737412,14.57788755,27.19725571,39.61350442,42.83511729,,
Santa Lucía,LCA,Exportaciones de bienes y servicios (% del PIB),NE.EXP.GNFS.ZS,,,,,,,,,,,,
América Latina y el Caribe,LCN,Exportaciones de bienes y servicios (% del PIB),NE.EXP.GNFS.ZS,21.673504,22.27599482,22.09851992,21.49320639,20.66330845,21.8583772,22.21100672,22.0022773,24.05329839,24.22413484,24.87197171,27.57950119
Países menos desarrollados: clasificación de las Naciones Unidas,LDC,Exportaciones de bienes y servicios (% del PIB),NE.EXP.GNFS.ZS,26.88570221,28.10134154,26.64893546,25.73651208,24.26565941,19.22640744,17.34193145,17.60640988,21.01658877,20.39194769,18.48151592,19.52113672
Países de ingreso bajo,LIC,Exportaciones de bienes y servicios (% del PIB),NE.EXP.GNFS.ZS,30.79216515,25.19954814,21.70381861,21.19321074,19.85641297,15.70504591,14.84181301,15.28598155,20.77714408,18.45430468,18.93905073,21.64959942
Liechtenstein,LIE,Exportaciones de bienes y servicios (% del PIB),NE.EXP.GNFS.ZS,,,,,,,,,,,,
Sri Lanka,LKA,Exportaciones de bienes y servicios (% del PIB),NE.EXP.GNFS.ZS,19.55232026,20.89683873,19.81648178,20.3203983,21.08876229,21.01310319,21.17398379,21.83146464,23.03852264,23.15329914,16.09423566,17.73786735
Países de ingreso mediano bajo,LMC,Exportaciones de bienes y servicios (% del PIB),NE.EXP.GNFS.ZS,29.47294166,31.50784142,30.09818714,28.72209118,27.08681971,23.08415489,21.8584023,23.11343757,24.72812002,23.19778168,21.23797713,23.78105323
Ingreso mediano y bajo,LMY,Exportaciones de bienes y servicios (% del PIB),NE.EXP.GNFS.ZS,27.59546691,28.08821524,27.48588475,26.42133222,25.56869237,23.62251092,22.31612591,22.87550136,23.97904228,23.04657511,21.93045071,24.29056245
Lesotho,LSO,Exportaciones de bienes y servicios (% del PIB),NE.EXP.GNFS.ZS,42.12667871,47.72262188,41.79593306,38.24966086,38.14969504,42.8905797,45.78845919,47.48838518,50.94708959,45.87817798,40.49369293,
avanzada del dividendo demográfico,LTE,Exportaciones de bienes y servicios (% del PIB),NE.EXP.GNFS.ZS,32.81454764,33.01731109,32.37023843,31.4339804,30.80126173,29.58240079,28.10281096,28.32253354,28.74438454,27.9218637,27.28211712,29.63547303
Lituania,LTU,Exportaciones de bienes y servicios (% del PIB),NE.EXP.GNFS.ZS,63.94235851,72.88100891,78.22662823,78.66857331,72.27042519,68.77764073,67.58738306,73.59516374,75.20610383,77.31477796,73.50143635,80.38396753
Luxemburgo,LUX,Exportaciones de bienes y servicios (% del PIB),NE.EXP.GNFS.ZS,162.7098571,169.4891234,171.2117881,176.3833309,182.7825924,191.835449,191.0986337,192.7475035,196.4197018,205.4820775,204.6907407,212.1171516
Letonia,LVA,Exportaciones de bienes y servicios (% del PIB),NE.EXP.GNFS.ZS,53.25837932,59.77989095,61.44375311,60.39517324,61.1346527,60.25202703,59.57732438,61.57381554,61.47796516,59.83697315,60.43815462,64.07129933
"Región Administrativa Especial de Macao, China",MAC,Exportaciones de bienes y servicios (% del PIB),NE.EXP.GNFS.ZS,87.4228419,90.33875128,90.77257448,90.65573094,85.6413449,78.50673324,76.64148702,80.44308972,82.52991936,82.52261352,61.77682109,88.29937428
Isla de San Martín (parte francesa),MAF,Exportaciones de bienes y servicios (% del PIB),NE.EXP.GNFS.ZS,,,,,,,,,,,,
Marruecos,MAR,Exportaciones de bienes y servicios (% del PIB),NE.EXP.GNFS.ZS,32.23301862,34.70003427,34.9295479,32.77764352,34.63240888,34.80004049,35.35153455,37.22382401,38.77747836,39.31693624,34.92672468,37.25124278
Mónaco,MCO,Exportaciones de bienes y servicios (% del PIB),NE.EXP.GNFS.ZS,,,,,,,,,,,,
República de Moldova,MDA,Exportaciones de bienes y servicios (% del PIB),NE.EXP.GNFS.ZS,27.829613,32.54045754,31.13285057,32.09261317,31.1706952,31.89545142,32.30911571,31.09876178,30.13870489,30.56472799,27.14000309,30.61994549
Madagascar,MDG,Exportaciones de bienes y servicios (% del PIB),NE.EXP.GNFS.ZS,21.87438052,22.71963868,21.7806921,23.27216608,28.28191197,28.39064613,29.09256944,30.90263088,31.87333588,28.24965718,21.48459664,22.46506012
Maldivas,MDV,Exportaciones de bienes y servicios (% del PIB),NE.EXP.GNFS.ZS,,,,,91.2941274,78.35618236,71.97908201,72.30745119,70.11318519,69.44683085,49.4739992,
Oriente Medio y Norte de África,MEA,Exportaciones de bienes y servicios (% del PIB),NE.EXP.GNFS.ZS,44.10011458,47.99297989,48.9469737,48.89636385,45.90025335,39.02584763,36.60721304,40.10744252,43.92380939,41.85627649,36.0245064,
México,MEX,Exportaciones de bienes y servicios (% del PIB),NE.EXP.GNFS.ZS,29.69766477,31.03670714,32.26556776,31.30565295,31.87344131,34.52488584,37.04217108,37.65156846,39.25755173,38.80928133,39.60304651,40.4297424
Islas Marshall,MHL,Exportaciones de bienes y servicios (% del PIB),NE.EXP.GNFS.ZS,37.86665303,51.32781806,55.69960147,52.03602676,50.60760019,44.81414123,36.37386365,38.23101901,38.89887986,37.8727415,34.98701641,
 Ingreso mediano,MIC,Exportaciones de bienes y servicios (% del PIB),NE.EXP.GNFS.ZS,27.56871454,28.16192044,27.59506332,26.51792077,25.67582015,23.76929471,22.45207289,23.01651795,24.03417031,23.12234076,21.98782929,24.34124603
Macedonia del Norte,MKD,Exportaciones de bienes y servicios (% del PIB),NE.EXP.GNFS.ZS,39.78975339,47.12421314,45.374253,43.39647453,47.66285529,48.73799991,50.66384216,55.14571934,60.37513732,62.40805679,58.94720634,65.93117904
Malí,MLI,Exportaciones de bienes y servicios (% del PIB),NE.EXP.GNFS.ZS,22.83717018,22.72617792,27.85634001,24.94054026,22.55548696,24.04370851,23.44291297,22.21409394,24.5223744,25.70529113,30.65663005,29.58105624
Malta,MLT,Exportaciones de bienes y servicios (% del PIB),NE.EXP.GNFS.ZS,150.9467424,160.5863393,163.1199721,155.9724346,149.8125162,154.6181509,157.8013429,154.5612299,145.1919235,146.0791878,149.2348062,148.4340184
Myanmar,MMR,Exportaciones de bienes y servicios (% del PIB),NE.EXP.GNFS.ZS,10.62367325,9.104749643,6.088150612,15.81813348,19.87613946,20.46392121,22.97516723,25.94272972,28.35971336,30.38975072,28.65204712,28.31602793
Oriente Medio y Norte de África (excluido altos ingresos),MNA,Exportaciones de bienes y servicios (% del PIB),NE.EXP.GNFS.ZS,32.00450215,30.48262556,30.0025621,29.7416314,26.64557026,22.08252426,20.73485551,24.85516379,30.35014443,27.46586115,21.91802813,
Montenegro,MNE,Exportaciones de bienes y servicios (% del PIB),NE.EXP.GNFS.ZS,37.04440512,42.34884361,43.67248294,41.34236,40.1437048,42.11807213,40.60065571,41.0551905,42.87500027,43.84664144,25.99668555,43.04457592
Mongolia,MNG,Exportaciones de bienes y servicios (% del PIB),NE.EXP.GNFS.ZS,46.67898258,52.55355505,43.5721512,38.89023748,52.24899869,44.18405024,50.87219405,59.16667927,58.16478228,59.21723318,57.66034973,59.82149941
Mariana,MNP,Exportaciones de bienes y servicios (% del PIB),NE.EXP.GNFS.ZS,41.92740926,43.48422497,50.80428954,52.07253886,52.52403846,52.96703297,71.70731707,69.29487179,50.76804916,42.04737733,,
Mozambique,MOZ,Exportaciones de bienes y servicios (% del PIB),NE.EXP.GNFS.ZS,28.44395451,30.09825026,28.8839773,26.74393599,31.28403958,31.07817138,33.54531717,38.57905103,44.87000288,32.26836152,29.86686576,
Mauritania,MRT,Exportaciones de bienes y servicios (% del PIB),NE.EXP.GNFS.ZS,45.73934811,50.1828097,48.26135521,45.54859921,37.38920072,30.19514476,33.92514055,34.50567753,34.27623669,39.18475991,39.77502119,
Mauricio,MUS,Exportaciones de bienes y servicios (% del PIB),NE.EXP.GNFS.ZS,51.23767279,52.44414738,53.79216527,48.41741475,48.84610087,47.86224698,44.25034214,42.45178816,40.96343734,38.47033842,29.9636198,30.48533359
Malawi,MWI,Exportaciones de bienes y servicios (% del PIB),NE.EXP.GNFS.ZS,,,,,,,,,,,,
Malasia,MYS,Exportaciones de bienes y servicios (% del PIB),NE.EXP.GNFS.ZS,86.93029507,85.25544211,79.29991393,75.62904103,73.79349863,69.4486909,66.77544545,70.01174251,68.55497142,65.25966318,61.43363252,68.89812325
América del Norte,NAC,Exportaciones de bienes y servicios (% del PIB),NE.EXP.GNFS.ZS,13.98885498,15.34161756,15.34595486,15.24597898,15.25484918,14.00019225,13.42990925,13.74899544,13.90024463,13.31777922,11.57619862,
Namibia,NAM,Exportaciones de bienes y servicios (% del PIB),NE.EXP.GNFS.ZS,48.28195448,45.53978192,40.05833801,37.50198492,39.01708521,35.37084841,35.00946742,33.62080463,35.88256521,36.36164722,33.47671777,31.94132017
Nueva Caledonia,NCL,Exportaciones de bienes y servicios (% del PIB),NE.EXP.GNFS.ZS,20.19947492,20.09082458,17.75853651,15.72309737,18.58618109,18.06916629,19.26548639,21.00866525,,,,
Níger,NER,Exportaciones de bienes y servicios (% del PIB),NE.EXP.GNFS.ZS,16.1844146,15.28955544,16.10057707,16.9790336,15.94586293,14.26836996,12.18333889,13.29437093,11.83526986,11.42173345,10.28759914,10.07866165
Nigeria,NGA,Exportaciones de bienes y servicios (% del PIB),NE.EXP.GNFS.ZS,25.6606113,31.61694021,31.54658773,18.04990659,18.43512606,10.66630962,9.218109698,13.1715621,15.49688918,14.22092679,,
Nicaragua,NIC,Exportaciones de bienes y servicios (% del PIB),NE.EXP.GNFS.ZS,40.46660572,45.01692657,47.46929361,45.21415682,45.00799279,40.08374867,38.88197843,41.33904929,42.27714678,45.09278034,42.18460101,46.8394163
Países Bajos,NLD,Exportaciones de bienes y servicios (% del PIB),NE.EXP.GNFS.ZS,69.80367248,75.50306831,79.50337384,79.88047779,80.57790815,82.65889671,79.53516476,83.39176802,84.68346368,82.5377127,77.85662953,83.60324333
Noruega,NOR,Exportaciones de bienes y servicios (% del PIB),NE.EXP.GNFS.ZS,39.7598437,41.27396486,40.68243719,39.1971735,38.99635572,37.80181591,35.45992638,36.33299569,37.97169307,36.26310656,32.24525928,41.56866067
Nepal,NPL,Exportaciones de bienes y servicios (% del PIB),NE.EXP.GNFS.ZS,9.582536172,7.806134205,8.750291287,9.294658678,10.12404212,10.21458859,8.17957804,7.812188656,7.815641022,7.779936474,6.805289826,5.209230429
Nauru,NRU,Exportaciones de bienes y servicios (% del PIB),NE.EXP.GNFS.ZS,51.85185185,61.19402985,71.27659574,89.58333333,79.8245614,52.88461538,52.55474453,59.93103448,57.8125,63.6746988,47.42690058,40.67226891
Nueva Zelandia,NZL,Exportaciones de bienes y servicios (% del PIB),NE.EXP.GNFS.ZS,30.27362768,30.39502406,28.85939059,28.81358116,27.98285738,27.91454531,26.63019637,27.56392622,27.87152292,27.31883186,21.91622232,
Miembros OCDE,OED,Exportaciones de bienes y servicios (% del PIB),NE.EXP.GNFS.ZS,25.87776991,27.92805775,27.81220676,28.22327256,28.4564665,27.31345609,26.69812638,27.85032681,28.64318093,27.97055524,25.90513835,28.46302154
Omán,OMN,Exportaciones de bienes y servicios (% del PIB),NE.EXP.GNFS.ZS,59.09438735,63.91646363,62.72274738,66.03046813,61.43961754,49.65123925,41.31893239,45.71525986,50.62130514,49.49201699,44.24548203,
Otros Estados pequeos,OSS,Exportaciones de bienes y servicios (% del PIB),NE.EXP.GNFS.ZS,63.79289588,71.97593185,74.23578666,72.71244712,69.27315849,62.34606339,57.17114827,59.8002834,61.51926583,59.75217248,56.37948355,
Pakistán,PAK,Exportaciones de bienes y servicios (% del PIB),NE.EXP.GNFS.ZS,13.51626785,13.96666966,12.39666276,13.27715343,12.24258363,10.60441138,8.736717247,8.221612469,8.581799708,9.390863379,9.302254084,9.981151003
Panamá,PAN,Exportaciones de bienes y servicios (% del PIB),NE.EXP.GNFS.ZS,70.04279401,78.23048068,75.19119393,65.16141208,55.35735045,47.68493765,41.9730052,41.80368226,42.79096398,41.20799334,39.60788955,
Perú,PER,Exportaciones de bienes y servicios (% del PIB),NE.EXP.GNFS.ZS,27.82616415,30.50275976,27.44961437,24.80829942,22.60697038,21.28732529,22.60031374,24.71987197,25.19218467,24.03908743,22.38080174,29.08516498
Filipinas,PHL,Exportaciones de bienes y servicios (% del PIB),NE.EXP.GNFS.ZS,32.87482972,29.10542888,27.46707386,26.17741981,27.35450419,27.20805724,26.67300334,29.55229085,30.21360537,28.38292001,25.20283931,25.74228389
Palau,PLW,Exportaciones de bienes y servicios (% del PIB),NE.EXP.GNFS.ZS,,,,,,,,,,,,
Papua Nueva Guinea,PNG,Exportaciones de bienes y servicios (% del PIB),NE.EXP.GNFS.ZS,,,,,,,,,,,,
Polonia,POL,Exportaciones de bienes y servicios (% del PIB),NE.EXP.GNFS.ZS,39.87921296,42.39422304,44.2514731,46.00260882,47.21968346,49.09122809,51.92485915,54.1610234,55.24146204,55.39584659,56.18432635,60.90675489
previa al dividendo demográfico,PRE,Exportaciones de bienes y servicios (% del PIB),NE.EXP.GNFS.ZS,31.39748101,35.03354413,34.31360465,27.33838622,25.99707032,18.93449007,17.15886333,19.91880077,24.82347359,22.92434862,19.10226834,
Puerto Rico,PRI,Exportaciones de bienes y servicios (% del PIB),NE.EXP.GNFS.ZS,62.67166626,64.05272656,57.45248354,60.86666667,60.81869633,67.1987645,68.76027323,68.72303013,60.01862769,,,
"Corea, República Popular Democrática de",PRK,Exportaciones de bienes y servicios (% del PIB),NE.EXP.GNFS.ZS,,,,,,,,,,,,
Portugal,PRT,Exportaciones de bienes y servicios (% del PIB),NE.EXP.GNFS.ZS,30.06930892,34.4548616,37.77801482,39.60650497,40.215968,40.61511545,40.21082364,42.7242664,43.44571903,43.50842185,37.03221926,42.02903374
Paraguay,PRY,Exportaciones de bienes y servicios (% del PIB),NE.EXP.GNFS.ZS,42.13984163,40.23885967,37.9955192,38.71366558,35.46441185,34.76581347,37.16548029,38.44078405,36.94523036,36.18244072,33.60549916,36.45019083
Ribera Occidental y Gaza,PSE,Exportaciones de bienes y servicios (% del PIB),NE.EXP.GNFS.ZS,14.12281155,16.08603535,15.32633269,15.61984388,15.82306983,16.06238012,14.3267945,15.72420635,15.96156445,15.52105524,15.35762344,17.63173068
Estados pequeos de las Islas del Pacfico,PSS,Exportaciones de bienes y servicios (% del PIB),NE.EXP.GNFS.ZS,43.66382832,47.2884005,49.29622403,46.8715449,44.65092648,41.06076477,40.52799122,40.54232919,43.39993407,42.03522644,25.32549646,21.27858103
posterior al dividendo demográfico,PST,Exportaciones de bienes y servicios (% del PIB),NE.EXP.GNFS.ZS,27.24247413,29.51056769,29.46371228,29.99121895,30.09423003,28.61152578,27.79776335,28.99382387,29.67772184,28.7811765,26.42770074,29.04566873
Polinesia Francesa,PYF,Exportaciones de bienes y servicios (% del PIB),NE.EXP.GNFS.ZS,,,,,,,,19.55695843,,20.17514273,,
Qatar,QAT,Exportaciones de bienes y servicios (% del PIB),NE.EXP.GNFS.ZS,62.3196826,72.61970915,76.47241908,72.71783502,67.99811813,57.06147777,47.71384149,52.88942263,55.94186317,52.34726788,49.11887826,
Rumania,ROU,Exportaciones de bienes y servicios (% del PIB),NE.EXP.GNFS.ZS,32.38227144,37.05509797,37.53182457,40.03406157,41.42723374,41.38512795,41.77627913,42.02461908,41.8616969,40.38322216,37.15009008,40.84910636
Federación de Rusia,RUS,Exportaciones de bienes y servicios (% del PIB),NE.EXP.GNFS.ZS,29.21556079,28.05536148,26.90732034,25.84533683,27.11109705,28.70338944,25.85448298,26.09088098,30.7932568,28.43343068,25.53121503,30.84476277
Rwanda,RWA,Exportaciones de bienes y servicios (% del PIB),NE.EXP.GNFS.ZS,10.74843969,12.66538318,12.00069365,13.49942057,13.87574419,13.23851056,15.42960172,20.52838528,21.0980867,21.81063968,19.30704597,19.0641467
Asia meridional,SAS,Exportaciones de bienes y servicios (% del PIB),NE.EXP.GNFS.ZS,21.0818958,22.99371643,22.75319103,23.4949692,21.48002918,18.6517811,17.57304584,17.22708932,18.09716038,17.35658091,16.79613619,18.61499915
Arabia Saudita,SAU,Exportaciones de bienes y servicios (% del PIB),NE.EXP.GNFS.ZS,49.56977759,56.04923973,54.2708405,51.91795761,46.87529151,33.32117956,31.1442026,34.85306244,38.56536939,35.57169449,26.18290495,34.76915674
Sudán,SDN,Exportaciones de bienes y servicios (% del PIB),NE.EXP.GNFS.ZS,20.35442616,15.74121322,12.07008767,11.68602,0.670014767,0.730366817,0.71299221,0.664361796,0.611168056,0.630574147,0.435765182,2.251364396
Senegal,SEN,Exportaciones de bienes y servicios (% del PIB),NE.EXP.GNFS.ZS,19.98123883,21.30354889,22.47437442,22.34974231,21.77829674,22.6771945,21.5608581,21.93008315,22.94889488,24.98793278,20.66971776,22.31529245
Singapur,SGP,Exportaciones de bienes y servicios (% del PIB),NE.EXP.GNFS.ZS,197.9989608,203.3277086,196.7196129,195.0777963,191.9535358,178.3846085,164.7717536,171.3970227,176.5921442,175.2741157,181.7168089,184.8354904
Islas Salomón,SLB,Exportaciones de bienes y servicios (% del PIB),NE.EXP.GNFS.ZS,37.27817195,50.81876683,51.95529682,44.63556777,42.51184381,40.33008914,40.02345472,40.00976701,43.21813221,37.64159978,27.76398756,
Sierra Leona,SLE,Exportaciones de bienes y servicios (% del PIB),NE.EXP.GNFS.ZS,16.79496682,16.26669339,32.90532706,28.62675705,30.76003938,19.36254453,24.91409326,26.19289508,17.46729933,18.24693608,15.09106999,
El Salvador,SLV,Exportaciones de bienes y servicios (% del PIB),NE.EXP.GNFS.ZS,26.94666933,28.98177756,28.57106118,29.72489605,29.55287523,29.48617302,28.4585905,29.02976438,28.93437378,29.67584079,25.53042528,29.54716125
San Marino,SMR,Exportaciones de bienes y servicios (% del PIB),NE.EXP.GNFS.ZS,,,,,,174.4526794,173.0681733,168.778679,166.5974987,163.9972366,164.4786983,
Somalia,SOM,Exportaciones de bienes y servicios (% del PIB),NE.EXP.GNFS.ZS,,,,20.61429431,20.92809915,19.46823804,19.29519733,17.72151899,19.1259908,17.4626652,16.91244429,17.89830988
Serbia,SRB,Exportaciones de bienes y servicios (% del PIB),NE.EXP.GNFS.ZS,32.25561225,33.00182495,35.84480698,39.85150491,42.07752896,45.1772418,48.51709354,50.47152864,50.4345613,51.01092315,48.23837987,54.40052936
África al sur del Sahara (excluido altos ingresos),SSA,Exportaciones de bienes y servicios (% del PIB),NE.EXP.GNFS.ZS,29.52038151,32.48411371,31.52981044,26.49191753,25.58080937,20.37681666,19.60814942,21.04278957,23.92876879,22.66611386,20.56038955,24.41534165
Sudán del Sur,SSD,Exportaciones de bienes y servicios (% del PIB),NE.EXP.GNFS.ZS,61.43448282,66.07612038,42.83205236,9.740757859,38.39161729,36.65134928,,,,,,
África al sur del Sahara,SSF,Exportaciones de bienes y servicios (% del PIB),NE.EXP.GNFS.ZS,29.56349813,32.52543811,31.57213837,26.5394377,25.63553632,20.43658156,19.67505442,21.1160778,23.99616774,22.73103573,20.59427842,24.4491754
Pequeños Estados,SST,Exportaciones de bienes y servicios (% del PIB),NE.EXP.GNFS.ZS,60.66664132,68.94258058,71.10569643,69.84495235,66.75552241,59.2959876,55.01426724,57.64110536,59.87425451,58.03809151,53.62654043,
Santo Tomé y Príncipe,STP,Exportaciones de bienes y servicios (% del PIB),NE.EXP.GNFS.ZS,,,,,,,,,,,,
Suriname,SUR,Exportaciones de bienes y servicios (% del PIB),NE.EXP.GNFS.ZS,52.54731927,,,,,,,,,,,
República Eslovaca,SVK,Exportaciones de bienes y servicios (% del PIB),NE.EXP.GNFS.ZS,76.86636183,84.70252044,91.18848469,93.78886502,91.71457699,91.87320492,93.7552716,95.32936619,96.28878672,92.26478559,85.43677477,93.85891277
Eslovenia,SVN,Exportaciones de bienes y servicios (% del PIB),NE.EXP.GNFS.ZS,64.2748226,70.24714581,72.89158893,74.21647517,76.15174214,77.14867826,77.59816683,83.12550558,84.81520323,83.96346817,77.88301116,83.52867397
Suecia,SWE,Exportaciones de bienes y servicios (% del PIB),NE.EXP.GNFS.ZS,44.67885295,45.27119119,45.02752542,42.52680913,43.26616125,43.76676752,42.69147827,43.73472193,45.68306151,47.80921095,44.57965329,46.25696607
Eswatini,SWZ,Exportaciones de bienes y servicios (% del PIB),NE.EXP.GNFS.ZS,46.47295015,34.82774449,36.69302045,40.53496659,43.85441944,43.10686579,44.05903501,43.51310787,40.43021898,45.94632343,44.88705531,
Sint Maarten (Dutch part),SXM,Exportaciones de bienes y servicios (% del PIB),NE.EXP.GNFS.ZS,,109.9486751,113.2940443,121.3489896,100.5293854,97.4008025,92.49778957,78.27473043,67.48350613,,,
Seychelles,SYC,Exportaciones de bienes y servicios (% del PIB),NE.EXP.GNFS.ZS,93.79878086,95.76909594,99.32936015,90.81130469,98.95971731,91.12849755,89.83399249,99.99394614,94.91760716,91.37599851,76.62947378,85.83452722
República Árabe Siria,SYR,Exportaciones de bienes y servicios (% del PIB),NE.EXP.GNFS.ZS,32.16678538,19.36932782,7.714617821,7.778017972,7.015779571,7.083633782,9.2997048,8.983821471,14.90545651,12.69387293,,
Islas Turcas y Caicos,TCA,Exportaciones de bienes y servicios (% del PIB),NE.EXP.GNFS.ZS,,,,,,,,,,,,
Chad,TCD,Exportaciones de bienes y servicios (% del PIB),NE.EXP.GNFS.ZS,36.8456059,38.87725693,38.46805422,33.56559167,34.16136289,30.00176089,26.29503676,33.87296248,36.19068245,36.74225344,26.71614905,38.75012725
Asia oriental y el Pacífico (BIRF y la AIF),TEA,Exportaciones de bienes y servicios (% del PIB),NE.EXP.GNFS.ZS,31.88861939,31.31969444,29.75562901,28.62018029,27.50434107,25.0142556,23.21459661,23.50477238,22.96880944,21.94696807,21.32164577,23.05556509
Europa y Asia central (BIRF y la AIF),TEC,Exportaciones de bienes y servicios (% del PIB),NE.EXP.GNFS.ZS,31.52207945,32.77168561,32.26362856,31.23006164,32.55432963,32.93978688,32.18792255,33.85119817,37.87935018,36.87244537,34.17502344,39.52519175
Togo,TGO,Exportaciones de bienes y servicios (% del PIB),NE.EXP.GNFS.ZS,37.83837141,43.63564728,45.205361,46.47602396,39.71627313,35.84635669,26.90671582,25.27023832,23.94347526,23.06158195,22.69364463,23.31676019
Tailandia,THA,Exportaciones de bienes y servicios (% del PIB),NE.EXP.GNFS.ZS,66.48617316,70.85490938,68.95123563,67.17114107,68.39413516,67.63669027,67.07088397,66.67283247,64.8380969,59.50748534,51.57295015,58.22162117
Tayikistán,TJK,Exportaciones de bienes y servicios (% del PIB),NE.EXP.GNFS.ZS,14.93902562,16.44768565,17.27727988,11.08814366,9.17009119,,,14.92853961,14.37547847,14.97993927,17.32431457,
Turkmenistán,TKM,Exportaciones de bienes y servicios (% del PIB),NE.EXP.GNFS.ZS,45.90441565,59.79715537,58.83274462,49.8393204,46.78017478,35.67546429,22.15051385,22.46839734,22.66381177,,,
América Latina y el Caribe (BIRF y la AIF),TLA,Exportaciones de bienes y servicios (% del PIB),NE.EXP.GNFS.ZS,20.57034305,21.22326612,21.32813829,20.67916433,19.85721319,20.91739842,21.27895822,21.17813897,23.50522386,23.74716705,24.70508738,27.39211349
Timor-Leste,TLS,Exportaciones de bienes y servicios (% del PIB),NE.EXP.GNFS.ZS,8.565425132,6.406548661,7.123840745,5.585424956,4.572519543,3.042408955,3.137005916,2.363188337,2.879915741,27.73957256,68.7404214,
Oriente Medio y Norte de África (BIRF y la AIF),TMN,Exportaciones de bienes y servicios (% del PIB),NE.EXP.GNFS.ZS,32.11510469,30.58203667,30.10541997,29.86071181,26.74149298,22.14188544,20.80284211,24.95749691,30.52181197,27.61471841,21.99619798,
Tonga,TON,Exportaciones de bienes y servicios (% del PIB),NE.EXP.GNFS.ZS,12.50244313,16.23765568,17.07146271,20.35489928,16.97014422,16.96036539,21.6766019,22.15698812,21.39748728,21.95927159,18.96444008,
Asia meridional (BIRF y la AIF),TSA,Exportaciones de bienes y servicios (% del PIB),NE.EXP.GNFS.ZS,21.0818958,22.99371643,22.75319103,23.4949692,21.48002918,18.6517811,17.57304584,17.22708932,18.09716038,17.35658091,16.79613619,18.61499915
África al sur del Sahara (BIRF y la AIF),TSS,Exportaciones de bienes y servicios (% del PIB),NE.EXP.GNFS.ZS,29.56349813,32.52543811,31.57213837,26.5394377,25.63553632,20.43658156,19.67505442,21.1160778,23.99616774,22.73103573,20.59427842,24.4491754
Trinidad y Tobago,TTO,Exportaciones de bienes y servicios (% del PIB),NE.EXP.GNFS.ZS,,,,,,,,,,,,
Túnez,TUN,Exportaciones de bienes y servicios (% del PIB),NE.EXP.GNFS.ZS,47.95972869,46.05465377,45.91284777,44.88964262,42.56623653,38.399796,38.29541614,41.72074548,45.48574817,46.09686535,37.94673772,41.51052947
Turquía,TUR,Exportaciones de bienes y servicios (% del PIB),NE.EXP.GNFS.ZS,21.19413332,22.99370125,24.36087552,23.79300951,25.2055417,24.53127734,23.08350913,26.03942234,31.15287804,32.59735458,28.66485601,35.39562833
Tuvalu,TUV,Exportaciones de bienes y servicios (% del PIB),NE.EXP.GNFS.ZS,,,,,,,,,,,,
Tanzanía,TZA,Exportaciones de bienes y servicios (% del PIB),NE.EXP.GNFS.ZS,19.60752874,21.63428233,22.37207068,19.012204,18.06920945,17.10491135,16.34997466,15.14027774,14.73914343,16.00786388,14.29548765,14.33087714
Uganda,UGA,Exportaciones de bienes y servicios (% del PIB),NE.EXP.GNFS.ZS,13.82448287,12.85572394,15.49172877,16.51303567,14.94821091,12.87732531,12.42716442,16.66112942,15.08705306,17.10905802,15.41479854,15.68592968
Ucrania,UKR,Exportaciones de bienes y servicios (% del PIB),NE.EXP.GNFS.ZS,46.45653833,49.40615693,47.38283156,42.89738267,48.59296182,52.59767951,49.29861946,48.12491635,45.23523566,41.23169126,38.82164629,40.7486738
Ingreso mediano alto,UMC,Exportaciones de bienes y servicios (% del PIB),NE.EXP.GNFS.ZS,27.30081764,27.4518747,27.11575368,26.09118077,25.46179979,24.15547169,22.86651521,23.20271048,24.01484727,23.29259421,22.36697469,24.63619089
Uruguay,URY,Exportaciones de bienes y servicios (% del PIB),NE.EXP.GNFS.ZS,26.34299454,26.42214943,25.91962942,23.35313642,23.54266161,22.47785125,26.95431164,26.14701212,26.3964363,27.75019031,25.0842825,31.48210056
Estados Unidos,USA,Exportaciones de bienes y servicios (% del PIB),NE.EXP.GNFS.ZS,12.34136081,13.56346715,13.6440494,13.57807437,13.54595934,12.46099316,11.93953873,12.2371894,12.34224067,11.78953543,10.1628986,
Uzbekistán,UZB,Exportaciones de bienes y servicios (% del PIB),NE.EXP.GNFS.ZS,24.2754046,23.66939409,19.26736572,18.62993168,16.04444803,13.76629135,12.33306571,20.74806549,26.96189757,28.42139186,24.28806309,23.73915501
San Vicente y las Granadinas,VCT,Exportaciones de bienes y servicios (% del PIB),NE.EXP.GNFS.ZS,,,,,,,,,,,,
Venezuela,VEN,Exportaciones de bienes y servicios (% del PIB),NE.EXP.GNFS.ZS,28.53040699,29.94301461,26.17101425,24.7649783,16.69382735,,,,,,,
Islas Vírgenes Británicas,VGB,Exportaciones de bienes y servicios (% del PIB),NE.EXP.GNFS.ZS,,,,,,,,,,,,
Islas Vírgenes (EE.UU.),VIR,Exportaciones de bienes y servicios (% del PIB),NE.EXP.GNFS.ZS,299.3755782,340.3031021,80.16629983,67.54949171,78.37307153,41.63254163,47.02474987,63.33684765,53.13615502,55.0157882,38.5585157,
Viet Nam,VNM,Exportaciones de bienes y servicios (% del PIB),NE.EXP.GNFS.ZS,,,,,,,,,,,,
Vanuatu,VUT,Exportaciones de bienes y servicios (% del PIB),NE.EXP.GNFS.ZS,48.71838267,45.6062695,51.31066139,51.68219606,51.42723756,46.03361914,48.86609135,47.65989735,59.79339499,50.34527687,17.48521396,
Mundo,WLD,Exportaciones de bienes y servicios (% del PIB),NE.EXP.GNFS.ZS,28.89607105,30.71177033,30.48146503,30.3984369,30.05714307,28.33876856,27.32753063,28.25529368,29.1460055,28.2179805,26.33654481,29.05991126
Samoa,WSM,Exportaciones de bienes y servicios (% del PIB),NE.EXP.GNFS.ZS,28.4296228,28.65152507,28.39401836,29.11034106,29.04668591,28.37533374,30.37749807,31.54540206,34.18996686,37.7233402,31.5990888,12.50870066
Kosovo,XKX,Exportaciones de bienes y servicios (% del PIB),NE.EXP.GNFS.ZS,21.66916812,24.95204025,24.5219681,23.00385776,23.52688544,22.45139286,23.8274048,27.32884488,29.05346472,29.31260746,21.69514688,35.42907737
"Yemen, Rep. del",YEM,Exportaciones de bienes y servicios (% del PIB),NE.EXP.GNFS.ZS,29.99507756,30.34042479,24.86371571,22.35959724,21.48408708,9.051577546,3.342551965,3.749658017,6.056570102,7.135395377,6.262423457,
Sudáfrica,ZAF,Exportaciones de bienes y servicios (% del PIB),NE.EXP.GNFS.ZS,25.78341763,27.69814847,27.13914919,28.37928032,29.0006193,27.71363841,28.15608817,27.34007578,27.48858813,27.34218049,27.77801144,31.10773523
Zambia,ZMB,Exportaciones de bienes y servicios (% del PIB),NE.EXP.GNFS.ZS,37.02593331,40.47122267,40.08291099,40.48271669,38.82228993,37.1385258,35.32467575,34.99285776,37.95740455,34.6361926,46.79016538,54.5970754
Zimbabwe,ZWE,Exportaciones de bienes y servicios (% del PIB),NE.EXP.GNFS.ZS,29.64089522,34.80080156,25.1632537,21.98775864,20.93014592,19.16017579,19.94353155,19.6589048,28.04975708,31.25104041,37.20223492,
